iter	Logloss
0	0.6004590031
1	0.5228550264
2	0.4580595453
3	0.4034740779
4	0.3567771234
5	0.3174593405
6	0.2823503436
7	0.2517372421
8	0.2247484406
9	0.2011671358
10	0.1801931227
11	0.1615002198
12	0.1451007284
13	0.1305264759
14	0.1174258991
15	0.1058534162
16	0.09542351152
17	0.08609994018
18	0.07764113258
19	0.070196888
20	0.06350331859
21	0.05746963055
22	0.05205509475
23	0.0470951561
24	0.04260835007
25	0.03860136911
26	0.03496920484
27	0.03176037887
28	0.02888586748
29	0.02628327733
